{
  "overview:default": {
    "problem": {
      "x": 142.8285882254136,
      "y": 129.38149827832365
    },
    "gap": {
      "x": 334.0386467344139,
      "y": 185.43179082332517
    },
    "solution": {
      "x": 460,
      "y": 200
    },
    "kyc": {
      "x": 536.7733686067018,
      "y": 137.60653397161337
    },
    "trade": {
      "x": 745.4068755074048,
      "y": 184.97754822093444
    },
    "audit": {
      "x": 959.0532739844909,
      "y": 149.1897203325775
    },
    "integration": {
      "x": 1198.3968253968255,
      "y": 193.15391506396796
    }
  },
  "trade:default": {
    "user": {
      "x": -101.43008474576271,
      "y": 15.039098613251156
    },
    "swap": {
      "x": 97,
      "y": 17.5
    },
    "cre": {
      "x": 420,
      "y": -0.5
    },
    "sumsub": {
      "x": 748.5041409861326,
      "y": -69.17709938366718
    },
    "chTrader": {
      "x": 747.2345916795069,
      "y": 26.56163328197227
    },
    "chCounter": {
      "x": 747.2345916795069,
      "y": 117.60487288135596
    },
    "rules": {
      "x": 739.9182395993837,
      "y": 212.30450693374422
    },
    "ipfs": {
      "x": 502.1890857144922,
      "y": 361.615639364233
    },
    "report": {
      "x": 101.4487445459994,
      "y": 257.0257304835899
    },
    "protocol": {
      "x": 102.25421557199365,
      "y": 407.6826621645767
    },
    "teeContainer": {
      "x": 393.5722265023112,
      "y": -72.06211479198765
    },
    "arcContainer": {
      "x": 79.5416958605498,
      "y": -70.85403431601901
    }
  },
  "kyc:default": {
    "user": {
      "x": -80.5,
      "y": 98
    },
    "broker": {
      "x": 135.5,
      "y": 99.5
    },
    "teeContainer": {
      "x": 324.7601430865757,
      "y": -3.210519166951002
    },
    "arcContainer": {
      "x": 323.39907550077044,
      "y": 330.6706471494607
    },
    "consumer": {
      "x": 413.7573189522343,
      "y": 372.6825885978429
    },
    "credentialReg": {
      "x": 552.6090138674884,
      "y": 467.9880585516179
    },
    "identityReg": {
      "x": 338.6448382126348,
      "y": 472.0119414483821
    },
    "chainalysis": {
      "x": 625.2630071543288,
      "y": 181.24008238778984
    },
    "sumsub": {
      "x": 625.8830483482237,
      "y": 41.240082387789826
    },
    "cre": {
      "x": 351.6221008886407,
      "y": 74.88098865347794
    }
  },
  "solution:default": {
    "frontend": {
      "x": -60.5,
      "y": 130.5
    },
    "cre": {
      "x": 210.79006163328194,
      "y": 71.41987673343607
    },
    "consumer": {
      "x": 373.37326656394447,
      "y": 380.29006163328194
    },
    "identityReg": {
      "x": 256.30161787365176,
      "y": 489.71841294298906
    },
    "credentialReg": {
      "x": 560.0523882896764,
      "y": 491.2184129429892
    },
    "teeContainer": {
      "x": 181.3412942989214,
      "y": 10.67064714946071
    },
    "sumsub": {
      "x": 595.2318952234206,
      "y": 13.114406779661017
    },
    "chainalysis": {
      "x": 598.5851309707242,
      "y": 96.53428351309708
    },
    "notabene": {
      "x": 599.9264252696456,
      "y": 184.6486902927581
    },
    "arcContainer": {
      "x": 239.2727272727273,
      "y": 334.01887519260407
    },
    "ipfs": {
      "x": -13.32973805855167,
      "y": 403.05469953775037
    }
  },
  "audit:default": {
    "piiLayer": {
      "x": 607.4036697247707,
      "y": 20.419724770642205
    },
    "ipfsLayer": {
      "x": 372.5,
      "y": 30.5
    },
    "trustTable": {
      "x": -38.82438225357288,
      "y": 441.35370047073116
    },
    "v1": {
      "x": -39.1823394495413,
      "y": 118.6066513761468
    },
    "v2": {
      "x": -32.568807339449535,
      "y": 191.87155963302754
    },
    "v3": {
      "x": -20.27064220183486,
      "y": 262.9954128440367
    },
    "v4": {
      "x": -4.416284403669692,
      "y": 334.11926605504584
    },
    "v5": {
      "x": 6.357798165137581,
      "y": 406.25917431192653
    },
    "v6": {
      "x": 17.6399082568807,
      "y": 478.2720756880734
    },
    "onchain": {
      "x": 50.32110091743118,
      "y": 27.459862385321102
    },
    "teeLeft": {
      "x": 113.86748844375964,
      "y": -152.60400616332817
    },
    "integrator": {
      "x": -78.64297568144424,
      "y": -85.41494440896389
    },
    "wfC": {
      "x": 137.71956856702622,
      "y": -91.81818181818183
    },
    "readReport": {
      "x": 522.3574730354392,
      "y": 197.95069337442223
    },
    "sumsubFetch": {
      "x": 469.5069337442219,
      "y": -136.79506933744221
    },
    "registryCheck": {
      "x": 150.0462249614792,
      "y": 192.94298921417567
    },
    "encryptedResult": {
      "x": 471.4946070878274,
      "y": -45.93220338983051
    },
    "fetchIpfs": {
      "x": 831.6795069337442,
      "y": 201.0169491525424
    },
    "verifyHash": {
      "x": 758.5516178736518,
      "y": 290.8628659476117
    },
    "verifyCode": {
      "x": 569.3682588597843,
      "y": 434.9306625577812
    }
  },
  "gap:default": {
    "sumsub": {
      "x": -36.5,
      "y": 59.5
    },
    "chainalysis": {
      "x": 194.5,
      "y": 57
    },
    "notabene": {
      "x": 484.5,
      "y": 56.5
    }
  }
}
