{
  "overview:default": {
    "problem": {
      "x": 142.8285882254136,
      "y": 129.38149827832365
    },
    "gap": {
      "x": 334.0386467344139,
      "y": 185.43179082332517
    },
    "solution": {
      "x": 460,
      "y": 200
    },
    "kyc": {
      "x": 536.7733686067018,
      "y": 137.60653397161337
    },
    "trade": {
      "x": 745.4068755074048,
      "y": 184.97754822093444
    },
    "audit": {
      "x": 959.0532739844909,
      "y": 149.1897203325775
    },
    "integration": {
      "x": 1198.3968253968255,
      "y": 193.15391506396796
    }
  },
  "trade:default": {
    "user": {
      "x": -106.6236802958831,
      "y": 66.97505411445506
    },
    "swap": {
      "x": 115.38379535204245,
      "y": 15.102113649733596
    },
    "cre": {
      "x": 420,
      "y": -0.5
    },
    "sumsub": {
      "x": 860.4285570558446,
      "y": -83.31492036089398
    },
    "chTrader": {
      "x": 859.7480836232701,
      "y": 12.423812304745482
    },
    "chCounter": {
      "x": 856.8027042530147,
      "y": 108.17965889653809
    },
    "rules": {
      "x": 844.7737451804824,
      "y": 198.7557618305686
    },
    "ipfs": {
      "x": 502.1890857144922,
      "y": 361.615639364233
    },
    "report": {
      "x": 88.36794934562181,
      "y": 330.41642843494526
    },
    "protocol": {
      "x": 99.6455058805341,
      "y": 405.3667064967803
    },
    "teeContainer": {
      "x": 401.8331136166356,
      "y": -59.670743757554774
    },
    "arcContainer": {
      "x": 79.5416958605498,
      "y": -70.85403431601901
    },
    "forwarder": {
      "x": 111.52813590905782,
      "y": 181.70427338685727
    },
    "trader": {
      "x": -101.90136301243231,
      "y": -22.327431359146622
    },
    "lp": {
      "x": -106.69713571296512,
      "y": 188.79224995097684
    }
  },
  "kyc:default": {
    "user": {
      "x": -178.87643274337427,
      "y": -36.07794542427085
    },
    "frontend": {
      "x": 5.377219717134665,
      "y": 69.33735248940405
    },
    "backend": {
      "x": 151.8191479131672,
      "y": 188.26028616588394
    },
    "iframe": {
      "x": 7.362159604428257,
      "y": 316.09716310213855
    },
    "wfD": {
      "x": 370,
      "y": 50
    },
    "wfA": {
      "x": 494.8208011243853,
      "y": 216.24736472241744
    },
    "sumsub": {
      "x": 946.7358081890515,
      "y": 52.6987741891502
    },
    "chainalysis": {
      "x": 946.7966635736875,
      "y": 315.369844748898
    },
    "teeContainer": {
      "x": 353,
      "y": 5
    },
    "arcContainer": {
      "x": 254.33309908643707,
      "y": 485.0362965565707
    },
    "consumer": {
      "x": 374.58247640445404,
      "y": 632.2999371713823
    },
    "identityReg": {
      "x": 271.342977444612,
      "y": 731.9686468041059
    },
    "credentialReg": {
      "x": 557.5616924922093,
      "y": 729.7025097019857
    },
    "integratorReg": {
      "x": 275.87376351481737,
      "y": 545.9727699748555
    },
    "forwarder": {
      "x": 530.2680588052186,
      "y": 529.1997559896977
    }
  },
  "solution:default": {
    "frontend": {
      "x": -60.5,
      "y": 130.5
    },
    "cre": {
      "x": 210.79006163328194,
      "y": 71.41987673343607
    },
    "consumer": {
      "x": 373.37326656394447,
      "y": 380.29006163328194
    },
    "identityReg": {
      "x": 256.30161787365176,
      "y": 489.71841294298906
    },
    "credentialReg": {
      "x": 560.0523882896764,
      "y": 491.2184129429892
    },
    "teeContainer": {
      "x": 181.3412942989214,
      "y": 10.67064714946071
    },
    "sumsub": {
      "x": 595.2318952234206,
      "y": 13.114406779661017
    },
    "chainalysis": {
      "x": 598.5851309707242,
      "y": 96.53428351309708
    },
    "notabene": {
      "x": 599.9264252696456,
      "y": 184.6486902927581
    },
    "arcContainer": {
      "x": 239.2727272727273,
      "y": 334.01887519260407
    },
    "ipfs": {
      "x": -13.32973805855167,
      "y": 403.05469953775037
    }
  },
  "audit:default": {
    "piiLayer": {
      "x": 607.4036697247707,
      "y": 20.419724770642205
    },
    "ipfsLayer": {
      "x": 372.5,
      "y": 30.5
    },
    "trustTable": {
      "x": 610.2543167162307,
      "y": 459.1764771357411
    },
    "v1": {
      "x": -39.1823394495413,
      "y": 118.6066513761468
    },
    "v2": {
      "x": -32.568807339449535,
      "y": 191.87155963302754
    },
    "v3": {
      "x": -20.27064220183486,
      "y": 262.9954128440367
    },
    "v4": {
      "x": -4.416284403669692,
      "y": 334.11926605504584
    },
    "v5": {
      "x": 6.357798165137581,
      "y": 406.25917431192653
    },
    "v6": {
      "x": 17.6399082568807,
      "y": 478.2720756880734
    },
    "onchain": {
      "x": 50.32110091743118,
      "y": 27.459862385321102
    },
    "teeLeft": {
      "x": 113.86748844375964,
      "y": -152.60400616332817
    },
    "integrator": {
      "x": -137.7669102641254,
      "y": -109.42707378035868
    },
    "wfC": {
      "x": 136.88151587307715,
      "y": -98.52260336977429
    },
    "readReport": {
      "x": 522.3574730354392,
      "y": 197.95069337442223
    },
    "sumsubFetch": {
      "x": 593.4689335843736,
      "y": -166.79565322244164
    },
    "registryCheck": {
      "x": 128.25343804881172,
      "y": 188.71216764091054
    },
    "encryptedResult": {
      "x": 471.4946070878274,
      "y": -45.93220338983051
    },
    "fetchIpfs": {
      "x": 838.6884104379358,
      "y": 158.0874151893685
    },
    "verifyHash": {
      "x": 829.5167658535923,
      "y": 284.73007538144395
    },
    "verifyCode": {
      "x": 595.6516470005031,
      "y": 468.2229542026916
    },
    "arcLeft": {
      "x": 117.78615874043672,
      "y": 144.71665268813385
    },
    "arcRight": {
      "x": 811.7704791230041,
      "y": 118.60980358471184
    },
    "arcReport": {
      "x": 822.063291095472,
      "y": 157.58114490902278
    },
    "lpBackend": {
      "x": 838.8381509741691,
      "y": -94.0107689120193
    },
    "github": {
      "x": 505.35162795550866,
      "y": 108.62597524290052
    },
    "ipfsRecord": {
      "x": 1082.220416853615,
      "y": 154.0314251516287
    },
    "verifyAuditHash": {
      "x": 1082,
      "y": 239.04691733133558
    },
    "verifyWfId": {
      "x": 516.1337708815024,
      "y": 267.04859239882916
    },
    "credentialCheck": {
      "x": 246.372292155347,
      "y": 242.53570514080621
    }
  },
  "gap:default": {
    "sumsub": {
      "x": -36.5,
      "y": 59.5
    },
    "chainalysis": {
      "x": 194.5,
      "y": 57
    },
    "notabene": {
      "x": 484.5,
      "y": 56.5
    }
  },
  "problem:default": {
    "step1": {
      "x": -13.77866972477068,
      "y": -111.39908256880733
    },
    "step2": {
      "x": -16.920871559633042,
      "y": -21.88646788990825
    },
    "step3": {
      "x": 4.288990825688074,
      "y": 88.83600917431193
    },
    "step4": {
      "x": 710.2924311926605,
      "y": 199.67889908256882
    },
    "step5": {
      "x": 341.0837155963303,
      "y": 294.690366972477
    },
    "step6": {
      "x": 331.6571100917432,
      "y": 403.05619266055044
    }
  },
  "integration:default": {
    "code2": {
      "x": 30.5,
      "y": 190
    },
    "code3": {
      "x": 31,
      "y": 350
    }
  }
}
